{
  "definition": "For each input, max attention mass is the sum of ANS-row attention probability assigned to all number positions whose token equals the true maximum. If max repeats, all repeated max positions are included.",
  "n_inputs_total": 100000,
  "counts_by_true_max": {
    "0": 1,
    "1": 31,
    "2": 211,
    "3": 781,
    "4": 2101,
    "5": 4651,
    "6": 9031,
    "7": 15961,
    "8": 26281,
    "9": 40951
  },
  "avg_percent_attention_to_max_tokens": {
    "H0": {
      "0": 2.5015028271013762e-08,
      "1": 2.8242367989150807e-05,
      "2": 0.0005423665279522538,
      "3": 0.0001494704047217965,
      "4": 2.2738233383279294e-05,
      "5": 2.8730892154271714e-06,
      "6": 6.634339655420263e-08,
      "7": 2.481151819229126,
      "8": 16.832252502441406,
      "9": 97.31868743896484
    },
    "H1": {
      "0": 5.046532983166152e-11,
      "1": 1.036140284682574e-09,
      "2": 2.507737073553784e-10,
      "3": 2.9994401602208287e-13,
      "4": 1.6449532036911222e-16,
      "5": 1.7395485497367996e-20,
      "6": 9.765905721790479e-26,
      "7": 7.641430890825696e-13,
      "8": 2.564263075287938e-16,
      "9": 2.468229444343561e-15
    },
    "H2": {
      "0": 2.1471507807291346e-06,
      "1": 0.0017847723793238401,
      "2": 0.04118834808468819,
      "3": 0.049465544521808624,
      "4": 0.03240594267845154,
      "5": 0.016118261963129044,
      "6": 0.0028228533919900656,
      "7": 96.00243377685547,
      "8": 97.90154266357422,
      "9": 99.65750885009766
    },
    "H3": {
      "0": 0.036350101232528687,
      "1": 58.39877700805664,
      "2": 98.23966979980469,
      "3": 98.5111083984375,
      "4": 98.65184783935547,
      "5": 98.95618438720703,
      "6": 99.00273132324219,
      "7": 98.86161804199219,
      "8": 99.9507827758789,
      "9": 99.80307006835938
    }
  },
  "avg_percent_attention_to_number_positions": {
    "H0": {
      "0": 2.5015028271013762e-08,
      "1": 2.8254473363631405e-05,
      "2": 0.0005592308007180691,
      "3": 0.00047831263509579003,
      "4": 0.0003605777455959469,
      "5": 0.00029141572304069996,
      "6": 0.00024604282225482166,
      "7": 2.48136043548584,
      "8": 17.596820831298828,
      "9": 97.51878356933594
    },
    "H1": {
      "0": 5.046532983166152e-11,
      "1": 1.0605589739753896e-09,
      "2": 8.847507171338975e-10,
      "3": 6.078114123120315e-10,
      "4": 4.76337247423686e-10,
      "5": 3.91282395373338e-10,
      "6": 3.3184907599626e-10,
      "7": 2.8878485713867974e-10,
      "8": 2.5466317943312333e-10,
      "9": 2.280148708733165e-10
    },
    "H2": {
      "0": 2.1471507807291346e-06,
      "1": 0.0017858112696558237,
      "2": 0.042253900319337845,
      "3": 0.0742737203836441,
      "4": 0.07835175842046738,
      "5": 0.06958022713661194,
      "6": 0.05524887889623642,
      "7": 96.0043716430664,
      "8": 99.8040771484375,
      "9": 99.99828338623047
    },
    "H3": {
      "0": 0.036350101232528687,
      "1": 58.406890869140625,
      "2": 99.13670349121094,
      "3": 99.98335266113281,
      "4": 99.9996566772461,
      "5": 100.0,
      "6": 100.0,
      "7": 100.0,
      "8": 100.0,
      "9": 100.0
    }
  },
  "avg_percent_attention_to_ans_self": {
    "H0": {
      "0": 100.0,
      "1": 99.99996948242188,
      "2": 99.99943542480469,
      "3": 99.99952697753906,
      "4": 99.99964141845703,
      "5": 99.99971008300781,
      "6": 99.99974822998047,
      "7": 97.51863861083984,
      "8": 82.40319061279297,
      "9": 2.481227397918701
    },
    "H1": {
      "0": 100.0,
      "1": 100.0,
      "2": 100.0,
      "3": 100.0,
      "4": 100.0,
      "5": 100.0,
      "6": 100.0,
      "7": 100.0,
      "8": 100.0,
      "9": 100.0
    },
    "H2": {
      "0": 100.0,
      "1": 99.99821472167969,
      "2": 99.95774841308594,
      "3": 99.92572784423828,
      "4": 99.92164611816406,
      "5": 99.930419921875,
      "6": 99.94475555419922,
      "7": 3.995631694793701,
      "8": 0.19593581557273865,
      "9": 0.0017188094789162278
    },
    "H3": {
      "0": 99.83012390136719,
      "1": 41.53755187988281,
      "2": 0.8621466159820557,
      "3": 0.016631148755550385,
      "4": 0.0003313745546620339,
      "5": 5.836454874952324e-06,
      "6": 1.1158779500419769e-07,
      "7": 2.7434101657064502e-09,
      "8": 3.1711252547472757e-12,
      "9": 1.6402108620958145e-14
    }
  },
  "top_overall_key_is_max_token_rate": {
    "H0": {
      "0": 0.0,
      "1": 0.0,
      "2": 0.0,
      "3": 0.0,
      "4": 0.0,
      "5": 0.0,
      "6": 0.0,
      "7": 0.0,
      "8": 0.0,
      "9": 1.0
    },
    "H1": {
      "0": 0.0,
      "1": 0.0,
      "2": 0.0,
      "3": 0.0,
      "4": 0.0,
      "5": 0.0,
      "6": 0.0,
      "7": 0.0,
      "8": 0.0,
      "9": 0.0
    },
    "H2": {
      "0": 0.0,
      "1": 0.0,
      "2": 0.0,
      "3": 0.0,
      "4": 0.0,
      "5": 0.0,
      "6": 0.0,
      "7": 1.0,
      "8": 1.0,
      "9": 1.0
    },
    "H3": {
      "0": 0.0,
      "1": 0.0,
      "2": 1.0,
      "3": 1.0,
      "4": 1.0,
      "5": 1.0,
      "6": 1.0,
      "7": 1.0,
      "8": 1.0,
      "9": 1.0
    }
  },
  "avg_percent_attention_not_to_max_tokens": {
    "H0": {
      "0": 100.0,
      "1": 99.99996948242188,
      "2": 99.99945068359375,
      "3": 99.9998779296875,
      "4": 99.99998474121094,
      "5": 100.0,
      "6": 100.0,
      "7": 97.51885223388672,
      "8": 83.16773986816406,
      "9": 2.6813149452209473
    },
    "H1": {
      "0": 100.0,
      "1": 100.0,
      "2": 100.0,
      "3": 100.0,
      "4": 100.0,
      "5": 100.0,
      "6": 100.0,
      "7": 100.0,
      "8": 100.0,
      "9": 100.0
    },
    "H2": {
      "0": 100.0,
      "1": 99.99821472167969,
      "2": 99.95880889892578,
      "3": 99.95053100585938,
      "4": 99.96759033203125,
      "5": 99.98388671875,
      "6": 99.99717712402344,
      "7": 3.997561454772949,
      "8": 2.098461866378784,
      "9": 0.34250980615615845
    },
    "H3": {
      "0": 99.9636459350586,
      "1": 41.60122299194336,
      "2": 1.7603267431259155,
      "3": 1.488893747329712,
      "4": 1.348141074180603,
      "5": 1.0438108444213867,
      "6": 0.9972599148750305,
      "7": 1.13838791847229,
      "8": 0.049205340445041656,
      "9": 0.19690972566604614
    }
  }
}
