{
  "description": "All 10^5 Model 1 inputs. For each input, head_sum is the actual ANS-position 64d output H0_vec + H1_vec + H2_vec + H3_vec after each head's W_O slice. Rows are normalized before grouping. For n != m, pairwise_avg_cosine[n][m] is the average cosine over every ordered pair of normalized head-sum vectors from true-max groups n and m. within_group_excluding_self reports the average within a true-max group excluding self-pairs.",
  "hf_repo": "andyrdt/04_2026_puzzle_1a",
  "model_config": {
    "vocab_size": 14,
    "d_model": 64,
    "n_heads": 4,
    "n_layers": 1,
    "max_seq_len": 12
  },
  "n_inputs_total": 100000,
  "sequence_format": "[BOS] n0 [SEP] n1 [SEP] n2 [SEP] n3 [SEP] n4 [ANS]",
  "head_sum_shape_per_input": [
    1,
    64
  ],
  "counts_by_true_max": {
    "0": 1,
    "1": 31,
    "2": 211,
    "3": 781,
    "4": 2101,
    "5": 4651,
    "6": 9031,
    "7": 15961,
    "8": 26281,
    "9": 40951
  },
  "pairwise_avg_cosine": [
    [
      1.0,
      0.9669336301418231,
      0.804682190600502,
      0.517353877042236,
      0.10738738331262182,
      -0.28258668524672875,
      -0.5309808579836888,
      -0.29844287873412473,
      -0.7774805152282784,
      -0.9815985261491262
    ],
    [
      0.9669336301418231,
      0.9959885366603821,
      0.9247374115732663,
      0.7116499134054662,
      0.3494420041529587,
      -0.03627531521345173,
      -0.3040882349293935,
      -0.06931607733043951,
      -0.608960697650697,
      -0.9075478718706247
    ],
    [
      0.804682190600502,
      0.9247374115732663,
      0.9999763580653531,
      0.9243522533357673,
      0.6766553795933834,
      0.3420905218896345,
      0.07580591375639925,
      0.2868126597310142,
      -0.2823908569127081,
      -0.6899100105224243
    ],
    [
      0.517353877042236,
      0.7116499134054662,
      0.9243522533357673,
      0.9999651981369059,
      0.9063469736054045,
      0.6746693143524936,
      0.45044186135462133,
      0.60527950726699,
      0.09258784817436382,
      -0.3636962308831526
    ],
    [
      0.10738738331262182,
      0.3494420041529587,
      0.6766553795933834,
      0.9063469736054045,
      0.9999701325355276,
      0.923327638442308,
      0.78544700756659,
      0.8505595323587526,
      0.4914009853341768,
      0.06205824655189724
    ],
    [
      -0.28258668524672875,
      -0.03627531521345173,
      0.3420905218896345,
      0.6746693143524936,
      0.923327638442308,
      0.9999877949028848,
      0.9628855529496994,
      0.9359094907422499,
      0.7743851529653643,
      0.43897599956351335
    ],
    [
      -0.5309808579836888,
      -0.3040882349293935,
      0.07580591375639925,
      0.45044186135462133,
      0.78544700756659,
      0.9628855529496994,
      0.9999945130586213,
      0.9107202461279622,
      0.9028118050046301,
      0.6639487974867181
    ],
    [
      -0.29844287873412473,
      -0.06931607733043951,
      0.2868126597310142,
      0.60527950726699,
      0.8505595323587526,
      0.9359094907422499,
      0.9107202461279622,
      0.9992758659599038,
      0.8308717729037484,
      0.469582700373654
    ],
    [
      -0.7774805152282784,
      -0.608960697650697,
      -0.2823908569127081,
      0.09258784817436382,
      0.4914009853341768,
      0.7743851529653643,
      0.9028118050046301,
      0.8308717729037484,
      0.9987731197565725,
      0.879901340221674
    ],
    [
      -0.9815985261491262,
      -0.9075478718706247,
      -0.6899100105224243,
      -0.3636962308831526,
      0.06205824655189724,
      0.43897599956351335,
      0.6639487974867181,
      0.469582700373654,
      0.879901340221674,
      0.9999894276570028
    ]
  ],
  "upper_triangle_off_diagonal": [
    [
      null,
      0.9669336301418231,
      0.804682190600502,
      0.517353877042236,
      0.10738738331262182,
      -0.28258668524672875,
      -0.5309808579836888,
      -0.29844287873412473,
      -0.7774805152282784,
      -0.9815985261491262
    ],
    [
      null,
      null,
      0.9247374115732663,
      0.7116499134054662,
      0.3494420041529587,
      -0.03627531521345173,
      -0.3040882349293935,
      -0.06931607733043951,
      -0.608960697650697,
      -0.9075478718706247
    ],
    [
      null,
      null,
      null,
      0.9243522533357673,
      0.6766553795933834,
      0.3420905218896345,
      0.07580591375639925,
      0.2868126597310142,
      -0.2823908569127081,
      -0.6899100105224243
    ],
    [
      null,
      null,
      null,
      null,
      0.9063469736054045,
      0.6746693143524936,
      0.45044186135462133,
      0.60527950726699,
      0.09258784817436382,
      -0.3636962308831526
    ],
    [
      null,
      null,
      null,
      null,
      null,
      0.923327638442308,
      0.78544700756659,
      0.8505595323587526,
      0.4914009853341768,
      0.06205824655189724
    ],
    [
      null,
      null,
      null,
      null,
      null,
      null,
      0.9628855529496994,
      0.9359094907422499,
      0.7743851529653643,
      0.43897599956351335
    ],
    [
      null,
      null,
      null,
      null,
      null,
      null,
      null,
      0.9107202461279622,
      0.9028118050046301,
      0.6639487974867181
    ],
    [
      null,
      null,
      null,
      null,
      null,
      null,
      null,
      null,
      0.8308717729037484,
      0.469582700373654
    ],
    [
      null,
      null,
      null,
      null,
      null,
      null,
      null,
      null,
      null,
      0.879901340221674
    ],
    [
      null,
      null,
      null,
      null,
      null,
      null,
      null,
      null,
      null,
      null
    ]
  ],
  "within_group_excluding_self": {
    "0": null,
    "1": 0.9958548212157282,
    "2": 0.999976245484712,
    "3": 0.9999651535191327,
    "4": 0.9999701183129254,
    "5": 0.9999877922781328,
    "6": 0.9999945124509866,
    "7": 0.9992758205880968,
    "8": 0.9987730730716317,
    "9": 0.9999894273988259
  },
  "head_sum_norm_by_true_max": {
    "0": {
      "mean": 366.795166015625,
      "min": 366.795166015625,
      "max": 366.795166015625
    },
    "1": {
      "mean": 252.50614781533517,
      "min": 223.61474609375,
      "max": 290.8786926269531
    },
    "2": {
      "mean": 184.0839075025224,
      "min": 183.32171630859375,
      "max": 184.7697296142578
    },
    "3": {
      "mean": 164.46315365838944,
      "min": 164.30621337890625,
      "max": 164.7523651123047
    },
    "4": {
      "mean": 174.86816873963477,
      "min": 173.41278076171875,
      "max": 175.28480529785156
    },
    "5": {
      "mean": 223.9902677566768,
      "min": 220.66610717773438,
      "max": 224.7266082763672
    },
    "6": {
      "mean": 314.8543942311768,
      "min": 308.91302490234375,
      "max": 315.93438720703125
    },
    "7": {
      "mean": 113.4489182830193,
      "min": 107.87682342529297,
      "max": 127.7007827758789
    },
    "8": {
      "mean": 186.07939712700338,
      "min": 183.79995727539062,
      "max": 190.33250427246094
    },
    "9": {
      "mean": 196.65640355034458,
      "min": 196.22958374023438,
      "max": 197.78536987304688
    }
  }
}
