{
  "head": 3,
  "query": "ANS@10",
  "number_positions": [
    1,
    3,
    5,
    7,
    9
  ],
  "token_token": [
    -12.73441219329834,
    -8.163299560546875,
    -5.736210823059082,
    -3.6677560806274414,
    -1.6467244625091553,
    0.4240700304508209,
    2.444629669189453,
    4.329751968383789,
    7.769525527954102,
    10.441162109375
  ],
  "pos_token": [
    -12.411697387695312,
    -7.955428600311279,
    -5.589943885803223,
    -3.575244426727295,
    -1.606588363647461,
    0.41041749715805054,
    2.378281593322754,
    4.219589710235596,
    7.571473598480225,
    10.17590618133545
  ],
  "token_dependent": [
    -25.14611053466797,
    -16.118728637695312,
    -11.326154708862305,
    -7.243000507354736,
    -3.253312826156616,
    0.8344875574111938,
    4.822911262512207,
    8.549341201782227,
    15.340999603271484,
    20.617069244384766
  ],
  "token_pos": [
    1.7861225605010986,
    1.781705617904663,
    1.7808575630187988,
    1.7777775526046753,
    1.7838855981826782
  ],
  "pos_pos": [
    1.7399482727050781,
    1.7356932163238525,
    1.7347924709320068,
    1.73196280002594,
    1.7378160953521729
  ],
  "position_bias": [
    3.5260708332061768,
    3.5173988342285156,
    3.5156500339508057,
    3.5097403526306152,
    3.5217018127441406
  ],
  "full_scores": [
    [
      -21.620038986206055,
      -12.592658042907715,
      -7.800084114074707,
      -3.7169296741485596,
      0.27275800704956055,
      4.36055850982666,
      8.348981857299805,
      12.075411796569824,
      18.8670711517334,
      24.14314079284668
    ],
    [
      -21.628711700439453,
      -12.601329803466797,
      -7.808755874633789,
      -3.7256016731262207,
      0.2640860080718994,
      4.35188627243042,
      8.340310096740723,
      12.066740036010742,
      18.8583984375,
      24.13446807861328
    ],
    [
      -21.630460739135742,
      -12.603078842163086,
      -7.810504913330078,
      -3.7273504734039307,
      0.26233720779418945,
      4.350137710571289,
      8.338561058044434,
      12.064990997314453,
      18.85664939880371,
      24.132719039916992
    ],
    [
      -21.636369705200195,
      -12.608987808227539,
      -7.8164143562316895,
      -3.733260154724121,
      0.256427526473999,
      4.3442277908325195,
      8.332651138305664,
      12.05908203125,
      18.850740432739258,
      24.12681007385254
    ],
    [
      -21.624408721923828,
      -12.597026824951172,
      -7.804452896118164,
      -3.7212986946105957,
      0.2683889865875244,
      4.356189250946045,
      8.344613075256348,
      12.071043014526367,
      18.862701416015625,
      24.138771057128906
    ]
  ],
  "special_scores": [
    {
      "position": 0,
      "token": "BOS",
      "score": -27.865440368652344
    },
    {
      "position": 2,
      "token": "SEP",
      "score": -20.066749572753906
    },
    {
      "position": 4,
      "token": "SEP",
      "score": -20.081558227539062
    },
    {
      "position": 6,
      "token": "SEP",
      "score": -20.09752655029297
    },
    {
      "position": 8,
      "token": "SEP",
      "score": -20.17259979248047
    },
    {
      "position": 10,
      "token": "ANS",
      "score": -12.100517272949219
    }
  ]
}
