{
  "description": "H0, H1, and H2 each use a one-hot ANS-query to ANS-key/value read. Each 16d value is mapped through its own W_O slice and then through the top-three centered digit-unembedding PCA basis. B is their 3d sum; H3 is omitted.",
  "source_json": "docs/assets/model1_max2_lowdim_head_geometry.json",
  "head_pc_coordinates": {
    "H0": [
      28.29237937927246,
      -67.72357940673828,
      23.732044219970703
    ],
    "H1": [
      -0.16831958293914795,
      -20.64768409729004,
      8.117725372314453
    ],
    "H2": [
      57.80329895019531,
      -58.235076904296875,
      -27.44223403930664
    ]
  },
  "baseline_pc_coordinates": [
    85.92735874652863,
    -146.6063404083252,
    4.407535552978516
  ],
  "baseline_norm": 169.98928318787372,
  "display_scale": 0.006798958830828668,
  "digit_pc_coordinates": [
    [
      1.1645464897155762,
      0.5404114723205566,
      -0.02951839566230774
    ],
    [
      0.9452448487281799,
      0.07596518844366074,
      0.026558011770248413
    ],
    [
      0.650179922580719,
      -0.24574437737464905,
      0.019849635660648346
    ],
    [
      0.2929123044013977,
      -0.4096139073371887,
      -0.007161546498537064
    ],
    [
      -0.06323479115962982,
      -0.41232097148895264,
      -0.1520748734474182
    ],
    [
      -0.40873751044273376,
      -0.23464109003543854,
      -0.14382512867450714
    ],
    [
      -0.6924029588699341,
      0.10476147383451462,
      -0.47110363841056824
    ],
    [
      -0.43926864862442017,
      -0.14744991064071655,
      0.5234541296958923
    ],
    [
      -0.7068977355957031,
      0.14951419830322266,
      0.20820468664169312
    ],
    [
      -0.7423417568206787,
      0.5791177153587341,
      0.025617100298404694
    ]
  ],
  "digit_norms": [
    1.2841668200849214,
    0.9486642514038511,
    0.6953547574973398,
    0.5036193591414321,
    0.44399773589134883,
    0.4927559854676361,
    0.8439996812650433,
    0.6990727055950359,
    0.7519362310888827,
    0.941862435809832
  ],
  "dot_product_by_digit": [
    20.708552348860678,
    70.2024703249144,
    91.98341527509135,
    85.18961182582474,
    54.3449947069312,
    -1.3557775415043913,
    -76.93145977406755,
    -13.820960276895285,
    -81.7439152172908,
    -148.5768870849035
  ],
  "cosine_by_digit": [
    0.09486516208233849,
    0.43532971921410785,
    0.7781826748897542,
    0.9950907305778116,
    0.7200410436930835,
    -0.016185830371513176,
    -0.5362164684930769,
    -0.11630391395649159,
    -0.6395181595623175,
    -0.9279877345619783
  ],
  "angle_degrees_by_digit": [
    84.55644088077575,
    64.1937237226249,
    38.905517326784036,
    5.679680372851658,
    43.942130815279256,
    90.92742026563957,
    122.42644697449397,
    96.67883851836874,
    129.7558992491881,
    158.12328116881727
  ],
  "dot_product_prediction": 2,
  "cosine_prediction": 3
}
