{
  "head": 3,
  "query": "ANS@10",
  "self_score": -12.100517272949219,
  "token_only_number_scores": [
    -25.14611053466797,
    -16.118728637695312,
    -11.326154708862305,
    -7.243000507354736,
    -3.253312826156616,
    0.8344878554344177,
    4.822910308837891,
    8.549341201782227,
    15.340997695922852,
    20.617069244384766
  ],
  "number_positions": [
    1,
    3,
    5,
    7,
    9
  ],
  "full_number_scores_by_position": [
    [
      -21.620038986206055,
      -12.592657089233398,
      -7.800083160400391,
      -3.7169294357299805,
      0.2727580666542053,
      4.36055850982666,
      8.348981857299805,
      12.07541275024414,
      18.867069244384766,
      24.143138885498047
    ],
    [
      -21.62870979309082,
      -12.60132884979248,
      -7.808755397796631,
      -3.7256016731262207,
      0.26408594846725464,
      4.351885795593262,
      8.340309143066406,
      12.066740036010742,
      18.858396530151367,
      24.13446807861328
    ],
    [
      -21.63045883178711,
      -12.60307788848877,
      -7.810503959655762,
      -3.7273507118225098,
      0.26233699917793274,
      4.350137710571289,
      8.338560104370117,
      12.06499195098877,
      18.856647491455078,
      24.13271713256836
    ],
    [
      -21.636371612548828,
      -12.608986854553223,
      -7.816413879394531,
      -3.733260154724121,
      0.2564273476600647,
      4.3442277908325195,
      8.332651138305664,
      12.05908203125,
      18.850738525390625,
      24.126808166503906
    ],
    [
      -21.624408721923828,
      -12.597025871276855,
      -7.804452419281006,
      -3.7212986946105957,
      0.26838865876197815,
      4.356189250946045,
      8.344612121582031,
      12.071043014526367,
      18.86269760131836,
      24.138771057128906
    ]
  ],
  "self_beats_token_only_numbers": [
    0,
    1
  ],
  "self_beats_full_number_keys": [
    0,
    1
  ]
}
