{
  "description": "All 10^5 inputs. residual_only uses ans_resid @ W_U_numbers.T; head_sum_only uses (H0+H1+H2+H3) @ W_U_numbers.T; full uses their sum.",
  "variants": [
    "residual_only",
    "head_sum_only",
    "full"
  ],
  "rows": [
    {
      "true_max": 0,
      "count": 1,
      "variants": {
        "residual_only": {
          "accuracy": 0.0,
          "correct": 0,
          "prediction_distribution": {
            "7": 1
          },
          "avg_logits": [
            -2.1508474349975586,
            -0.9862158894538879,
            -0.13780595362186432,
            0.71211838722229,
            1.2541160583496094,
            1.6476223468780518,
            1.3907968997955322,
            2.3102216720581055,
            1.8511852025985718,
            0.9835814237594604
          ]
        },
        "head_sum_only": {
          "accuracy": 1.0,
          "correct": 1,
          "prediction_distribution": {
            "0": 1
          },
          "avg_logits": [
            365.0398254394531,
            351.4754943847656,
            286.8100891113281,
            182.99952697753906,
            51.63705825805664,
            -87.70169830322266,
            -230.8776092529297,
            -89.00470733642578,
            -220.97210693359375,
            -285.3921203613281
          ]
        },
        "full": {
          "accuracy": 1.0,
          "correct": 1,
          "prediction_distribution": {
            "0": 1
          },
          "avg_logits": [
            362.88897705078125,
            350.4891052246094,
            286.6722717285156,
            183.71157836914062,
            52.89118576049805,
            -86.0540771484375,
            -229.4867706298828,
            -86.69444274902344,
            -219.1209259033203,
            -284.4085388183594
          ]
        }
      }
    },
    {
      "true_max": 1,
      "count": 31,
      "variants": {
        "residual_only": {
          "accuracy": 0.0,
          "correct": 0,
          "prediction_distribution": {
            "7": 31
          },
          "avg_logits": [
            -2.1508474349975586,
            -0.9862158894538879,
            -0.13780595362186432,
            0.7121184468269348,
            1.2541160583496094,
            1.6476223468780518,
            1.3907968997955322,
            2.3102214336395264,
            1.8511852025985718,
            0.9835814237594604
          ]
        },
        "head_sum_only": {
          "accuracy": 1.0,
          "correct": 31,
          "prediction_distribution": {
            "1": 31
          },
          "avg_logits": [
            209.67462158203125,
            231.51889038085938,
            209.52947998046875,
            156.22425842285156,
            75.86934661865234,
            -19.655540466308594,
            -126.33891296386719,
            -26.14156723022461,
            -124.52275848388672,
            -191.5674591064453
          ]
        },
        "full": {
          "accuracy": 1.0,
          "correct": 31,
          "prediction_distribution": {
            "1": 31
          },
          "avg_logits": [
            207.5237579345703,
            230.53268432617188,
            209.39169311523438,
            156.9364013671875,
            77.12345886230469,
            -18.007919311523438,
            -124.94811248779297,
            -23.831348419189453,
            -122.67156219482422,
            -190.58387756347656
          ]
        }
      }
    },
    {
      "true_max": 2,
      "count": 211,
      "variants": {
        "residual_only": {
          "accuracy": 0.0,
          "correct": 0,
          "prediction_distribution": {
            "7": 211
          },
          "avg_logits": [
            -2.150847911834717,
            -0.9862157702445984,
            -0.13780595362186432,
            0.7121182680130005,
            1.2541160583496094,
            1.6476224660873413,
            1.3907967805862427,
            2.3102219104766846,
            1.8511849641799927,
            0.9835814833641052
          ]
        },
        "head_sum_only": {
          "accuracy": 1.0,
          "correct": 211,
          "prediction_distribution": {
            "2": 211
          },
          "avg_logits": [
            87.3888931274414,
            137.09060668945312,
            148.68499755859375,
            135.12852478027344,
            94.91937255859375,
            33.88181686401367,
            -44.08113479614258,
            23.331148147583008,
            -48.61164855957031,
            -117.70758819580078
          ]
        },
        "full": {
          "accuracy": 1.0,
          "correct": 211,
          "prediction_distribution": {
            "2": 211
          },
          "avg_logits": [
            85.238037109375,
            136.10438537597656,
            148.5471954345703,
            135.84063720703125,
            96.17350769042969,
            35.529441833496094,
            -42.69033432006836,
            25.64137077331543,
            -46.760459899902344,
            -116.7239990234375
          ]
        }
      }
    },
    {
      "true_max": 3,
      "count": 781,
      "variants": {
        "residual_only": {
          "accuracy": 0.0,
          "correct": 0,
          "prediction_distribution": {
            "7": 781
          },
          "avg_logits": [
            -2.150847911834717,
            -0.9862157702445984,
            -0.13780593872070312,
            0.7121183276176453,
            1.2541160583496094,
            1.6476225852966309,
            1.3907967805862427,
            2.3102221488952637,
            1.8511848449707031,
            0.9835814833641052
          ]
        },
        "head_sum_only": {
          "accuracy": 1.0,
          "correct": 781,
          "prediction_distribution": {
            "3": 781
          },
          "avg_logits": [
            7.400134086608887,
            75.31744384765625,
            108.85002899169922,
            121.30458068847656,
            107.35707092285156,
            68.89804077148438,
            9.740826606750488,
            55.72993850708008,
            1.0995177030563354,
            -69.3104019165039
          ]
        },
        "full": {
          "accuracy": 1.0,
          "correct": 781,
          "prediction_distribution": {
            "3": 781
          },
          "avg_logits": [
            5.249287128448486,
            74.33122253417969,
            108.71222686767578,
            122.01670837402344,
            108.61119842529297,
            70.54566955566406,
            11.131622314453125,
            58.0401611328125,
            2.950702428817749,
            -68.32682800292969
          ]
        }
      }
    },
    {
      "true_max": 4,
      "count": 2101,
      "variants": {
        "residual_only": {
          "accuracy": 0.0,
          "correct": 0,
          "prediction_distribution": {
            "7": 2101
          },
          "avg_logits": [
            -2.150847911834717,
            -0.9862157702445984,
            -0.13780595362186432,
            0.7121182084083557,
            1.2541160583496094,
            1.6476227045059204,
            1.3907968997955322,
            2.3102221488952637,
            1.8511849641799927,
            0.9835814833641052
          ]
        },
        "head_sum_only": {
          "accuracy": 1.0,
          "correct": 2101,
          "prediction_distribution": {
            "4": 2101
          },
          "avg_logits": [
            -76.76740264892578,
            10.325088500976562,
            66.95851135253906,
            106.7794418334961,
            120.46401977539062,
            105.74977111816406,
            66.36954498291016,
            89.80067443847656,
            53.37403869628906,
            -18.433454513549805
          ]
        },
        "full": {
          "accuracy": 1.0,
          "correct": 2101,
          "prediction_distribution": {
            "4": 2101
          },