{
  "description": "PCA of Model 1 unembedding token vectors. PyTorch stores W_U as vocab_size x d_model (14 x 64); this is equivalent to the user's 64 x vocab_size column-vector convention. Tokens are observations and residual-stream dimensions are PCA features. Each set is centered across its own tokens before SVD.",
  "hf_repo": "andyrdt/04_2026_puzzle_1a",
  "model_config": {
    "vocab_size": 14,
    "d_model": 64,
    "n_heads": 4,
    "n_layers": 1,
    "max_seq_len": 12
  },
  "token_labels": [
    "0",
    "1",
    "2",
    "3",
    "4",
    "5",
    "6",
    "7",
    "8",
    "9",
    "BOS",
    "SEP",
    "ANS",
    "EOS"
  ],
  "full_vocabulary": {
    "name": "all 14 tokens",
    "token_vector_shape": [
      14,
      64
    ],
    "equivalent_column_matrix_shape": [
      64,
      14
    ],
    "centered_matrix_numerical_rank": 13,
    "maximum_centered_rank": 13,
    "singular_values": [
      2.35976243019104,
      1.5090304613113403,
      0.7734765410423279,
      0.40678754448890686,
      0.3551686108112335,
      0.2949369251728058,
      0.1830277442932129,
      0.1683071404695511,
      0.1608860343694687,
      0.14195530116558075,
      0.13542549312114716,
      0.13011766970157623,
      0.11779006570577621,
      1.3685627209270024e-07
    ],
    "explained_variance_ratio": [
      0.6201301217079163,
      0.2535959482192993,
      0.06662551313638687,
      0.018428143113851547,
      0.01404802966862917,
      0.009687341749668121,
      0.003730612574145198,
      0.0031546512618660927,
      0.0028825905174016953,
      0.002244137693196535,
      0.002042429754510522,
      0.0018854666268453002,
      0.0015451249200850725,
      2.085814609207215e-15
    ],
    "cumulative_explained_variance": [
      0.6201301217079163,
      0.8737260699272156,
      0.9403516054153442,
      0.9587797522544861,
      0.9728277325630188,
      0.9825150966644287,
      0.9862456917762756,
      0.9894003868103027,
      0.9922829270362854,
      0.9945271015167236,
      0.9965695142745972,
      0.9984549880027771,
      1.0000001192092896,
      1.0000001192092896
    ],
    "pcs_for_variance_threshold": {
      "90pct": 3,
      "95pct": 4,
      "99pct": 9
    },
    "pc_scores": [
      [
        1.0453988313674927,
        0.3993951380252838,
        -0.058688171207904816,
        -0.15205766260623932,
        0.12795566022396088,
        -0.06142592802643776,
        0.039971545338630676,
        0.02115384303033352,
        -0.055682431906461716,
        0.043357931077480316,
        -0.015075385570526123,
        -0.019143033772706985,
        0.021400030702352524,
        -8.052924727053323e-08
      ],
      [
        0.8262280821800232,
        -0.06776157766580582,
        -0.0587671734392643,
        -0.08963032066822052,
        -0.0687224268913269,
        0.02789127267897129,
        -0.09953276813030243,
        0.046089328825473785,
        0.01506100408732891,
        -0.02566474862396717,
        0.04571256414055824,
        -0.04118451476097107,
        -0.03267863392829895,
        1.2995603526633204e-07
      ],
      [
        0.530551016330719,
        -0.3520205616950989,
        -0.004364820197224617,
        0.0985957533121109,
        -0.15383173525333405,
        0.048085179179906845,
        -0.009993250481784344,
        0.04573768004775047,
        -0.0320674404501915,
        0.0021216305904090405,
        -0.01467798836529255,
        0.03769618272781372,
        0.06849987804889679,
        9.543401091605119e-08
      ],
      [
        0.17426824569702148,
        -0.5157865285873413,
        0.04373269900679588,
        0.12129180878400803,
        -0.118852898478508,
        -0.05745363235473633,
        0.04443370923399925,
        -0.05495750904083252,
        -0.03242144733667374,
        0.04175950586795807,
        -0.005340856034308672,
        -0.05461043491959572,
        -0.036084406077861786,
        5.958041171538753e-08
      ],
      [
        -0.1808834671974182,
        -0.4992329776287079,
        0.1914687156677246,
        0.10613519698381424,
        0.14421330392360687,
        -0.09662389010190964,
        0.02582489140331745,
        0.07700139284133911,
        0.013009048998355865,
        -0.0032549842726439238,
        0.0380500964820385,
        0.03266318514943123,
        -0.021544957533478737,
        3.267444981247536e-08
      ],
      [
        -0.5255305171012878,
        -0.33823972940444946,
        0.16245727241039276,
        0.003982462454587221,
        0.13559940457344055,
        -0.031121207401156425,
        -0.09136407822370529,
        -0.06064864993095398,
        -0.02725226618349552,
        -0.030139273032546043,
        -0.028389694169163704,
        -0.02450047992169857,
        0.036386169493198395,
        4.607258929922864e-08
      ],
      [
        -0.8057721257209778,
        0.012786302715539932,
        0.4451802670955658,
        -0.16836683452129364,
        -0.0424823984503746,
        0.13282237946987152,
        0.025405175983905792,
        0.012565359473228455,
        0.001384236733429134,
        0.03543782979249954,
        0.008325610309839249,
        -0.0023634820245206356,
        -0.003472142620012164,
        -8.461702094564316e-08
      ],
      [
        -0.5609031915664673,
        -0.32753413915634155,
        -0.5097175240516663,
        -0.0015483510214835405,
        0.0893351137638092,
        0.11600445955991745,
        -0.005967819131910801,
        -0.01802229881286621,
        0.0018718065693974495,
        0.04670227691531181,
        0.025510640814900398,
        0.016158409416675568,
        -0.0035318159498274326,
        4.115253915415451e-08
      ],
      [
        -0.8270201086997986,
        -0.010175843723118305,
        -0.2320972979068756,
        -0.06203370913863182,
        -0.03701383247971535,
        -0.010052165016531944,
        0.06097220256924629,
        0.05229132995009422,
        -0.009180991910398006,
        -0.07560265064239502,
        -0.045794542878866196,
        -0.03423039987683296,
        -0.0057948618195950985,
        -1.8862612805037315e-08
      ],
      [
        -0.8627461194992065,
        0.43620574474334717,
        -0.10062586516141891,
        -0.07553746551275253,
        -0.12282679975032806,
        -0.1751021295785904,
        -0.0356273427605629,
        -0.012177531607449055,
        0.022704917937517166,
        0.03133108839392662,
        0.017968477681279182,
        0.02917577140033245,
        0.010688218288123608,
        3.9810316820876324e-08
      ],
      [
        0.4869535267353058,
        0.08304508775472641,
        0.022012827917933464,
        -0.018176697194576263,
        0.0059486799873411655,
        0.00831297691911459,
        0.0707610696554184,
        -0.0714474692940712,
        0.05288694426417351,
        -0.052391402423381805,
        0.0633312314748764,
        -0.0017686946084722877,
        0.03459348902106285,
        3.7560329957386784e-08
      ],
      [
        0.47699353098869324,
        0.08428987860679626,
        0.024330025538802147,
        -0.04518287256360054,
        -0.015255790203809738,
        0.02082218788564205,
        -0.005114657338708639,
        -0.049631766974925995,
        -0.04167979583144188,
        -0.03714682161808014,
        -0.029452264308929443,
        0.07906568795442581,
        -0.055819664150476456,
        6.81235547972392e-08
      ],
      [
        0.49244412779808044,
        0.07417266070842743,
        0.02177993766963482,
        0.04529424384236336,
        0.028160251677036285,
        0.015192190185189247,
        -0.007709934376180172,
        0.0021591410040855408,
        0.11727994680404663,
        0.02606983482837677,
        -0.07307766377925873,
        -0.00107637420296669,
        -0.005487449467182159,
        7.450580596923828e-09
      ],
      [
        -0.2699817419052124,
        1.0208561420440674,
        0.05329903960227966,
