{
  "description": "For max-8 examples, target logit is 8. For max-9 examples, target logit is 9. Raw contributions are additive. Signed shares can be negative or exceed 1 due to cancellation. Positive shares sum to 1 across positive contributors only.",
  "components": [
    "residual",
    "H0",
    "H1",
    "H2",
    "H3"
  ],
  "examples": [
    {
      "example_index": 0,
      "nums": [
        8,
        2,
        3,
        4,
        5
      ],
      "target_logit": 8,
      "model_pred": 8,
      "raw_target_logit_contribution": {
        "residual": 1.8511852025985718,
        "H0": -2.3805227279663086,
        "H1": 6.254405975341797,
        "H2": 23.749658584594727,
        "H3": 112.7237548828125,
        "final": 142.19845581054688
      },
      "signed_share_of_final_target_logit": {
        "residual": 0.013018321245908737,
        "H0": -0.016740847378969193,
        "H1": 0.043983642011880875,
        "H2": 0.16701769828796387,
        "H3": 0.7927213907241821
      },
      "positive_share_of_positive_target_logit_contributions": {
        "residual": 0.012803968973457813,
        "H0": 0.0,
        "H1": 0.04325943440198898,
        "H2": 0.1642676740884781,
        "H3": 0.7796688675880432
      }
    },
    {
      "example_index": 1,
      "nums": [
        2,
        8,
        4,
        7,
        3
      ],
      "target_logit": 8,
      "model_pred": 8,
      "raw_target_logit_contribution": {
        "residual": 1.8511852025985718,
        "H0": -2.333632230758667,
        "H1": 6.254405975341797,
        "H2": 23.276248931884766,
        "H3": 112.62999725341797,
        "final": 141.6781768798828
      },
      "signed_share_of_final_target_logit": {
        "residual": 0.013066127896308899,
        "H0": -0.016471359878778458,
        "H1": 0.044145163148641586,
        "H2": 0.16428957879543304,
        "H3": 0.794970691204071
      },
      "positive_share_of_positive_target_logit_contributions": {
        "residual": 0.012854395434260368,
        "H0": 0.0,
        "H1": 0.04342980310320854,
        "H2": 0.16162732243537903,
        "H3": 0.7820884585380554
      }
    },
    {
      "example_index": 2,
      "nums": [
        2,
        3,
        8,
        4,
        7
      ],
      "target_logit": 8,
      "model_pred": 8,
      "raw_target_logit_contribution": {
        "residual": 1.8511852025985718,
        "H0": -2.320706605911255,
        "H1": 6.254405975341797,
        "H2": 23.18785285949707,
        "H3": 112.69210815429688,
        "final": 141.66485595703125
      },
      "signed_share_of_final_target_logit": {
        "residual": 0.013067356310784817,
        "H0": -0.01638166792690754,
        "H1": 0.04414931312203407,
        "H2": 0.1636810600757599,
        "H3": 0.7954838871955872
      },
      "positive_share_of_positive_target_logit_contributions": {
        "residual": 0.012856743298470974,
        "H0": 0.0,
        "H1": 0.04343773424625397,
        "H2": 0.16104291379451752,
        "H3": 0.7826626300811768
      }
    },
    {
      "example_index": 3,
      "nums": [
        7,
        6,
        5,
        4,
        8
      ],
      "target_logit": 8,
      "model_pred": 8,
      "raw_target_logit_contribution": {
        "residual": 1.8511852025985718,
        "H0": -2.3332149982452393,
        "H1": 6.254405975341797,
        "H2": 23.259048461914062,
        "H3": 112.58488464355469,
        "final": 141.61630249023438
      },
      "signed_share_of_final_target_logit": {
        "residual": 0.013071836903691292,
        "H0": -0.016475610435009003,
        "H1": 0.044164448976516724,
        "H2": 0.16423991322517395,
        "H3": 0.7949994802474976
      },
      "positive_share_of_positive_target_logit_contributions": {
        "residual": 0.01285996101796627,
        "H0": 0.0,
        "H1": 0.04344860464334488,
        "H2": 0.16157780587673187,
        "H3": 0.7821136116981506
      }
    },
    {
      "example_index": 4,
      "nums": [
        8,
        8,
        7,
        6,
        5
      ],
      "target_logit": 8,
      "model_pred": 8,
      "raw_target_logit_contribution": {
        "residual": 1.8511852025985718,
        "H0": -1.7789571285247803,
        "H1": 6.254405975341797,
        "H2": 23.574060440063477,
        "H3": 112.67855072021484,
        "final": 142.57925415039062
      },
      "signed_share_of_final_target_logit": {
        "residual": 0.012983552180230618,
        "H0": -0.012476970441639423,
        "H1": 0.043866172432899475,
        "H2": 0.16534005105495453,
        "H3": 0.7902871370315552
      },
      "positive_share_of_positive_target_logit_contributions": {
        "residual": 0.012823552824556828,
        "H0": 0.0,
        "H1": 0.043325599282979965,
        "H2": 0.16330252587795258,
        "H3": 0.7805482149124146
      }
    },
    {
      "example_index": 5,
      "nums": [
        9,
        2,
        3,
        4,
        5
      ],
      "target_logit": 9,
      "model_pred": 9,
      "raw_target_logit_contribution": {
        "residual": 0.9835814237594604,
        "H0": 20.803199768066406,
        "H1": -4.292332172393799,
        "H2": 35.214969635009766,
        "H3": 100.63818359375,
        "final": 153.3476104736328
      },
      "signed_share_of_final_target_logit": {
        "residual": 0.006414064206182957,
        "H0": 0.13566040992736816,
        "H1": -0.02799086458981037,
        "H2": 0.22964146733283997,
        "H3": 0.6562748551368713
      },
      "positive_share_of_positive_target_logit_contributions": {
        "residual": 0.006239417940378189,
        "H0": 0.13196656107902527,
        "H1": 0.0,
        "H2": 0.22338862717151642,
        "H3": 0.6384053826332092
      }
    },
    {
      "example_index": 6,
      "nums": [
        2,
        9,
        4,
        8,
        3
      ],
      "target_logit": 9,
      "model_pred": 9,
      "raw_target_logit_contribution": {
        "residual": 0.9835814237594604,
        "H0": 20.983285903930664,
        "H1": -4.292332172393799,
        "H2": 35.35487747192383,
        "H3": 100.65380096435547,
        "final": 153.6832275390625
      },
      "signed_share_of_final_target_logit": {
        "residual": 0.00640005711466074,
        "H0": 0.13653595745563507,
        "H1": -0.02792973816394806,
        "H2": 0.23005032539367676,
        "H3": 0.6549432873725891
      },
      "positive_share_of_positive_target_logit_contributions": {
        "residual": 0.006226162891834974,
        "H0": 0.13282616436481476,
        "H1": 0.0,
        "H2": 0.2237996906042099,
        "H3": 0.6371480226516724
      }
    },
    {
      "example_index": 7,
      "nums": [
        2,
        3,
        9,
        4,
        8
      ],
      "target_logit": 9,
      "model_pred": 9,
      "raw_target_logit_contribution": {
        "residual": 0.9835814237594604,
        "H0": 20.914289474487305,
        "H1": -4.292332172393799,
        "H2": 35.225120544433594,
        "H3": 100.71646118164062,
        "final": 153.54714965820312
      },
      "signed_share_of_final_target_logit": {
        "residual": 0.006405728869140148,
        "H0": 0.13620761036872864,
        "H1": -0.02795448899269104,
        "H2": 0.2294091433286667,
        "H3": 0.655931830406189
      },
      "positive_share_of_positive_target_logit_contributions": {
        "residual": 0.006231531035155058,
        "H0": 0.13250356912612915,
        "H1": 0.0,
        "H2": 0.22317057847976685,
        "H3": 0.6380943655967712
      }
    },
    {
      "example_index": 8,
      "nums": [
        8,
        7,
        6,
        5,
        9
      ],
      "target_logit": 9,
      "model_pred": 9,
      "raw_target_logit_contribution": {
        "residual": 0.9835814237594604,
        "H0": 20.942846298217773,
        "H1": -4.292332172393799,
        "H2": 35.306278228759766,
        "H3": 100.60722351074219,
        "final": 153.54759216308594
      },