{
  "description": "For max-6 examples, target logit is 6. For max-7 examples, target logit is 7. Raw contributions are additive. Signed shares can be negative or exceed 1 due to cancellation. Positive shares sum to 1 across positive contributors only.",
  "components": [
    "residual",
    "H0",
    "H1",
    "H2",
    "H3"
  ],
  "examples": [
    {
      "example_index": 0,
      "nums": [
        6,
        2,
        3,
        4,
        5
      ],
      "target_logit": 6,
      "model_pred": 6,
      "raw_target_logit_contribution": {
        "residual": 1.3907968997955322,
        "H0": -15.299884796142578,
        "H1": 1.8841228485107422,
        "H2": -15.450736999511719,
        "H3": 253.3729705810547,
        "final": 225.8972930908203
      },
      "signed_share_of_final_target_logit": {
        "residual": 0.006156766787171364,
        "H0": -0.06772938370704651,
        "H1": 0.008340617641806602,
        "H2": -0.06839717924594879,
        "H3": 1.1216291189193726
      },
      "positive_share_of_positive_target_logit_contributions": {
        "residual": 0.00541908573359251,
        "H0": 0.0,
        "H1": 0.007341275457292795,
        "H2": 0.0,
        "H3": 0.98723965883255
      }
    },
    {
      "example_index": 1,
      "nums": [
        2,
        6,
        4,
        5,
        3
      ],
      "target_logit": 6,
      "model_pred": 6,
      "raw_target_logit_contribution": {
        "residual": 1.3907968997955322,
        "H0": -15.299884796142578,
        "H1": 1.8841228485107422,
        "H2": -15.450704574584961,
        "H3": 253.34536743164062,
        "final": 225.86962890625
      },
      "signed_share_of_final_target_logit": {
        "residual": 0.006157520692795515,
        "H0": -0.06773768365383148,
        "H1": 0.008341638371348381,
        "H2": -0.06840541213750839,
        "H3": 1.1216442584991455
      },
      "positive_share_of_positive_target_logit_contributions": {
        "residual": 0.0054196687415242195,
        "H0": 0.0,
        "H1": 0.007342065684497356,
        "H2": 0.0,
        "H3": 0.987238347530365
      }
    },
    {
      "example_index": 2,
      "nums": [
        2,
        3,
        6,
        4,
        5
      ],
      "target_logit": 6,
      "model_pred": 6,
      "raw_target_logit_contribution": {
        "residual": 1.3907968997955322,
        "H0": -15.299884796142578,
        "H1": 1.8841228485107422,
        "H2": -15.450730323791504,
        "H3": 253.39633178710938,
        "final": 225.92063903808594
      },
      "signed_share_of_final_target_logit": {
        "residual": 0.006156130228191614,
        "H0": -0.067722387611866,
        "H1": 0.008339755237102509,
        "H2": -0.06839007884263992,
        "H3": 1.1216166019439697
      },
      "positive_share_of_positive_target_logit_contributions": {
        "residual": 0.005418592598289251,
        "H0": 0.0,
        "H1": 0.007340607699006796,
        "H2": 0.0,
        "H3": 0.9872408509254456
      }
    },
    {
      "example_index": 3,
      "nums": [
        5,
        4,
        3,
        2,
        6
      ],
      "target_logit": 6,
      "model_pred": 6,
      "raw_target_logit_contribution": {
        "residual": 1.3907968997955322,
        "H0": -15.299884796142578,
        "H1": 1.8841228485107422,
        "H2": -15.450794219970703,
        "H3": 253.27993774414062,
        "final": 225.80416870117188
      },
      "signed_share_of_final_target_logit": {
        "residual": 0.006159305572509766,
        "H0": -0.06775731593370438,
        "H1": 0.008344057016074657,
        "H2": -0.06842564046382904,
        "H3": 1.121679663658142
      },
      "positive_share_of_positive_target_logit_contributions": {
        "residual": 0.005421051289886236,
        "H0": 0.0,
        "H1": 0.007343938108533621,
        "H2": 0.0,
        "H3": 0.9872350692749023
      }
    },
    {
      "example_index": 4,
      "nums": [
        6,
        6,
        5,
        4,
        3
      ],
      "target_logit": 6,
      "model_pred": 6,
      "raw_target_logit_contribution": {
        "residual": 1.3907968997955322,
        "H0": -15.299927711486816,
        "H1": 1.8841228485107422,
        "H2": -15.45314884185791,
        "H3": 254.18170166015625,
        "final": 226.7035369873047
      },
      "signed_share_of_final_target_logit": {
        "residual": 0.006134870927780867,
        "H0": -0.06748870015144348,
        "H1": 0.0083109550178051,
        "H2": -0.06816457211971283,
        "H3": 1.1212074756622314
      },
      "positive_share_of_positive_target_logit_contributions": {
        "residual": 0.005402063485234976,
        "H0": 0.0,
        "H1": 0.007318215444684029,
        "H2": 0.0,
        "H3": 0.9872797727584839
      }
    },
    {
      "example_index": 5,
      "nums": [
        7,
        2,
        3,
        4,
        5
      ],
      "target_logit": 7,
      "model_pred": 7,
      "raw_target_logit_contribution": {
        "residual": 2.3102216720581055,
        "H0": 31.354354858398438,
        "H1": 15.169775009155273,
        "H2": 3.7613325119018555,
        "H3": 35.33138656616211,
        "final": 87.92707061767578
      },
      "signed_share_of_final_target_logit": {
        "residual": 0.026274293661117554,
        "H0": 0.3565950095653534,
        "H1": 0.1725267916917801,
        "H2": 0.04277786612510681,
        "H3": 0.40182605385780334
      },
      "positive_share_of_positive_target_logit_contributions": {
        "residual": 0.026274293661117554,
        "H0": 0.3565950095653534,
        "H1": 0.1725267916917801,
        "H2": 0.04277786612510681,
        "H3": 0.40182605385780334
      }
    },
    {
      "example_index": 6,
      "nums": [
        2,
        7,
        4,
        6,
        3
      ],
      "target_logit": 7,
      "model_pred": 7,
      "raw_target_logit_contribution": {
        "residual": 2.3102216720581055,
        "H0": 31.368375778198242,
        "H1": 15.169775009155273,
        "H2": 3.779270648956299,
        "H3": 38.03971481323242,
        "final": 90.66734313964844
      },
      "signed_share_of_final_target_logit": {
        "residual": 0.025480195879936218,
        "H0": 0.3459721505641937,
        "H1": 0.16731244325637817,
        "H2": 0.04168282076716423,
        "H3": 0.4195525348186493
      },
      "positive_share_of_positive_target_logit_contributions": {
        "residual": 0.02548019029200077,
        "H0": 0.34597206115722656,
        "H1": 0.1673123985528946,
        "H2": 0.041682809591293335,
        "H3": 0.41955244541168213
      }
    },
    {
      "example_index": 7,
      "nums": [
        2,
        3,
        7,
        4,
        6
      ],
      "target_logit": 7,
      "model_pred": 7,
      "raw_target_logit_contribution": {
        "residual": 2.3102216720581055,
        "H0": 31.351478576660156,
        "H1": 15.169775009155273,
        "H2": 3.75062894821167,
        "H3": 38.11472702026367,
        "final": 90.69683074951172
      },
      "signed_share_of_final_target_logit": {
        "residual": 0.025471912696957588,
        "H0": 0.3456733524799347,
        "H1": 0.16725805401802063,
        "H2": 0.04135347157716751,
        "H3": 0.42024320363998413
      },
      "positive_share_of_positive_target_logit_contributions": {
        "residual": 0.025471912696957588,
        "H0": 0.3456733524799347,
        "H1": 0.16725805401802063,
        "H2": 0.04135347157716751,
        "H3": 0.42024320363998413
      }
    },
    {
      "example_index": 8,
      "nums": [
        6,
        5,
        4,
        3,
        7
      ],
      "target_logit": 7,
      "model_pred": 7,
      "raw_target_logit_contribution": {
        "residual": 2.3102216720581055,
        "H0": 31.367773056030273,
        "H1": 15.169775009155273,
        "H2": 3.78415584564209,
        "H3": 38.06911087036133,
        "final": 90.7010498046875
      },