{
  "description": "PCA/SVD on all 100000 [ANS] head-sum vectors after W_O. Projection accuracies reconstruct either the 64d head-sum vector before unembedding or the 10d head-sum logits directly.",
  "head_sum_shape": [
    100000,
    64
  ],
  "head_sum_only_accuracy": 1.0,
  "head_sum_pca": {
    "singular_values": [
      25688.412109375,
      17354.212890625,
      4947.3662109375,
      8.724234580993652,
      7.1629719734191895,
      3.7151529788970947,
      3.371704578399658,
      2.4769177436828613,
      2.2689249515533447,
      1.5946918725967407,
      1.209089756011963,
      1.0411723852157593,
      0.9668856263160706,
      0.7581915855407715,
      0.6785125732421875,
      0.5066418051719666,
      0.42007768154144287,
      0.4090668261051178,
      0.30083850026130676,
      0.231888547539711,
      0.1519499272108078,
      0.13639770448207855,
      0.06023288890719414,
      0.03820488229393959,
      0.026536600664258003,
      0.02356681413948536,
      0.007980089634656906,
      0.003012946341186762,
      0.0016766100889071822,
      0.0014567426405847073,
      0.0014567426405847073,
      0.0014567426405847073,
      0.0014567426405847073,
      0.0014567426405847073,
      0.0014567426405847073,
      0.0014567426405847073,
      0.0014567426405847073,
      0.0014567426405847073,
      0.0014567426405847073,
      0.0014567426405847073,
      0.0014567426405847073,
      0.0014567426405847073,
      0.0014567426405847073,
      0.0014567426405847073,
      0.0014567426405847073,
      0.0014567426405847073,
      0.0014567426405847073,
      0.0014567426405847073,
      0.0014567426405847073,
      0.0014567426405847073,
      0.0014567426405847073,
      0.0014567426405847073,
      0.0014567426405847073,
      0.0014567426405847073,
      0.0014567426405847073,
      0.0014567426405847073,
      0.0014567426405847073,
      0.0014567426405847073,
      0.0014567426405847073,
      0.0014567426405847073,
      0.0014567426405847073,
      0.0014567426405847073,
      0.0014567426405847073,
      0.0007850108668208122
    ],
    "explained_variance": [
      0.6695767641067505,
      0.3055875599384308,
      0.024835560470819473,
      7.722901784745773e-08,
      5.2060979527368545e-08,
      1.4004875481532508e-08,
      1.1535193245038045e-08,
      6.225138182713863e-09,
      5.223554033761957e-09,
      2.5803545966596175e-09,
      1.4833476669195989e-09,
      1.099945357019294e-09,
      9.485845442469554e-10,
      5.832889726775647e-10,
      4.671341646833582e-10,
      2.604521043281238e-10,
      1.7905442406540573e-10,
      1.6979088968138711e-10,
      9.18317089038112e-11,
      5.4561265228070255e-11,
      2.342754809592229e-11,
      1.8877304233666514e-11,
      3.681232402241719e-12,
      1.4810289496527962e-12,
      7.145233298262721e-13,
      5.635437320787584e-13,
      6.461619298436458e-14,
      9.211039456126155e-15,
      2.852265924057425e-15,
      2.153235467193342e-15,
      2.153235467193342e-15,
      2.153235467193342e-15,
      2.153235467193342e-15,
      2.153235467193342e-15,
      2.153235467193342e-15,
      2.153235467193342e-15,
      2.153235467193342e-15,
      2.153235467193342e-15,
      2.153235467193342e-15,
      2.153235467193342e-15,
      2.153235467193342e-15,
      2.153235467193342e-15,
      2.153235467193342e-15,
      2.153235467193342e-15,
      2.153235467193342e-15,
      2.153235467193342e-15,
      2.153235467193342e-15,
      2.153235467193342e-15,
      2.153235467193342e-15,
      2.153235467193342e-15,
      2.153235467193342e-15,
      2.153235467193342e-15,
      2.153235467193342e-15,
      2.153235467193342e-15,
      2.153235467193342e-15,
      2.153235467193342e-15,
      2.153235467193342e-15,
      2.153235467193342e-15,
      2.153235467193342e-15,
      2.153235467193342e-15,
      2.153235467193342e-15,
      2.153235467193342e-15,
      2.153235467193342e-15,
      6.252837980091832e-16
    ],
    "cumulative_explained_variance": [
      0.6695767641067505,
      0.9751642942428589,
      0.9999998807907104,
      0.9999999403953552,
      1.0,
      1.0,
      1.0,
      1.0,
      1.0,
      1.0,
      1.0,
      1.0,
      1.0,
      1.0,
      1.0,
      1.0,
      1.0,
      1.0,
      1.0,
      1.0,
      1.0,
      1.0,
      1.0,
      1.0,
      1.0,
      1.0,
      1.0,
      1.0,
      1.0,
      1.0,
      1.0,
      1.0,
      1.0,
      1.0,
      1.0,
      1.0,
      1.0,
      1.0,
      1.0,
      1.0,
      1.0,
      1.0,
      1.0,
      1.0,
      1.0,
      1.0,
      1.0,
      1.0,
      1.0,
      1.0,
      1.0,
      1.0,
      1.0,
      1.0,
      1.0,
      1.0,
      1.0,
      1.0,
      1.0,
      1.0,
      1.0,
      1.0,
      1.0,
      1.0
    ],
    "k_for_90pct": 2,
    "k_for_95pct": 2,
    "k_for_99pct": 3
  },
  "head_sum_projection_accuracy": {
    "0": {
      "accuracy": 0.26280999183654785,
      "prediction_distribution": {
        "8": 100000
      }
    },
    "1": {
      "accuracy": 0.7836300134658813,
      "prediction_distribution": {
        "4": 243,
        "5": 16564,
        "7": 6480,
        "8": 35762,
        "9": 40951
      }
    },
    "2": {
      "accuracy": 1.0,
      "prediction_distribution": {
        "0": 1,
        "1": 31,
        "2": 211,
        "3": 781,
        "4": 2101,
        "5": 4651,
        "6": 9031,
        "7": 15961,
        "8": 26281,
        "9": 40951
      }
    },
    "3": {
      "accuracy": 1.0,
      "prediction_distribution": {
        "0": 1,
        "1": 31,
        "2": 211,
        "3": 781,
        "4": 2101,
        "5": 4651,
        "6": 9031,
        "7": 15961,
        "8": 26281,
        "9": 40951
      }
    },
    "4": {
      "accuracy": 1.0,
      "prediction_distribution": {
        "0": 1,
        "1": 31,
        "2": 211,
        "3": 781,
        "4": 2101,
        "5": 4651,
        "6": 9031,
        "7": 15961,
        "8": 26281,
        "9": 40951
      }
    },
    "5": {
      "accuracy": 1.0,
      "prediction_distribution": {
        "0": 1,
        "1": 31,
        "2": 211,
        "3": 781,
        "4": 2101,
        "5": 4651,
        "6": 9031,
        "7": 15961,
        "8": 26281,
        "9": 40951
      }
    },
    "6": {
      "accuracy": 1.0,
      "prediction_distribution": {
        "0": 1,
        "1": 31,
        "2": 211,
        "3": 781,
        "4": 2101,
        "5": 4651,
        "6": 9031,
        "7": 15961,
        "8": 26281,
        "9": 40951
      }
    },
    "7": {
      "accuracy": 1.0,
      "prediction_distribution": {
        "0": 1,
        "1": 31,
        "2": 211,
        "3": 781,
        "4": 2101,
        "5": 4651,
        "6": 9031,
        "7": 15961,
        "8": 26281,
        "9": 40951
      }
    },
    "8": {
      "accuracy": 1.0,
      "prediction_distribution": {
        "0": 1,
        "1": 31,
        "2": 211,
        "3": 781,
        "4": 2101,
        "5": 4651,
        "6": 9031,
        "7": 15961,
        "8": 26281,
        "9": 40951
      }
    },
    "9": {
      "accuracy": 1.0,
      "prediction_distribution": {
        "0": 1,
        "1": 31,
        "2": 211,
        "3": 781,
        "4": 2101,
        "5": 4651,
        "6": 9031,
        "7": 15961,
        "8": 26281,
        "9": 40951
      }
    },
    "10": {
      "accuracy": 1.0,
      "prediction_distribution": {
        "0": 1,
        "1": 31,
        "2": 211,
        "3": 781,
        "4": 2101,
        "5": 4651,
        "6": 9031,
        "7": 15961,
        "8": 26281,
        "9": 40951
      }
    },
    "11": {
      "accuracy": 1.0,
      "prediction_distribution": {
        "0": 1,
        "1": 31,
        "2": 211,
        "3": 781,
        "4": 2101,
        "5": 4651,
        "6": 9031,
        "7": 15961,
        "8": 26281,
        "9": 40951
      }
    },
    "12": {
      "accuracy": 1.0,
      "prediction_distribution": {
        "0": 1,