{
  "n_inputs_all_numbers_ge_2": 32768,
  "condition_accuracy": {
    "actual": {
      "accuracy": 1.0,
      "correct": 32768,
      "total": 32768
    },
    "H3 max one-hot": {
      "accuracy": 1.0,
      "correct": 32768,
      "total": 32768
    },
    "H0/H2 top + H3 max one-hot": {
      "accuracy": 1.0,
      "correct": 32768,
      "total": 32768
    },
    "all heads top one-hot": {
      "accuracy": 1.0,
      "correct": 32768,
      "total": 32768
    },
    "H0/H2/H3 max one-hot": {
      "accuracy": 0.48712158203125,
      "correct": 15962,
      "total": 32768
    },
    "all heads max one-hot": {
      "accuracy": 0.487091064453125,
      "correct": 15961,
      "total": 32768
    },
    "only H3 max one-hot": {
      "accuracy": 0.06414794921875,
      "correct": 2102,
      "total": 32768
    }
  },
  "condition_accuracy_by_true_max": {
    "actual": {
      "2": 1.0,
      "3": 1.0,
      "4": 1.0,
      "5": 1.0,
      "6": 1.0,
      "7": 1.0,
      "8": 1.0,
      "9": 1.0
    },
    "H3 max one-hot": {
      "2": 1.0,
      "3": 1.0,
      "4": 1.0,
      "5": 1.0,
      "6": 1.0,
      "7": 1.0,
      "8": 1.0,
      "9": 1.0
    },
    "H0/H2 top + H3 max one-hot": {
      "2": 1.0,
      "3": 1.0,
      "4": 1.0,
      "5": 1.0,
      "6": 1.0,
      "7": 1.0,
      "8": 1.0,
      "9": 1.0
    },
    "all heads top one-hot": {
      "2": 1.0,
      "3": 1.0,
      "4": 1.0,
      "5": 1.0,
      "6": 1.0,
      "7": 1.0,
      "8": 1.0,
      "9": 1.0
    },
    "H0/H2/H3 max one-hot": {
      "2": 1.0,
      "3": 0.0,
      "4": 0.0,
      "5": 0.0,
      "6": 0.0,
      "7": 0.0,
      "8": 0.0,
      "9": 1.0
    },
    "all heads max one-hot": {
      "2": 0.0,
      "3": 0.0,
      "4": 0.0,
      "5": 0.0,
      "6": 0.0,
      "7": 0.0,
      "8": 0.0,
      "9": 1.0
    },
    "only H3 max one-hot": {
      "2": 1.0,
      "3": 0.0,
      "4": 0.0,
      "5": 0.0,
      "6": 1.0,
      "7": 0.0,
      "8": 0.0,
      "9": 0.0
    }
  },
  "counts_by_true_max": {
    "2": 1,
    "3": 31,
    "4": 211,
    "5": 781,
    "6": 2101,
    "7": 4651,
    "8": 9031,
    "9": 15961
  },
  "avg_percent_attention_mass": {
    "max number": {
      "H0": {
        "2": 0.0014128208858892322,
        "3": 0.00023535473155789077,
        "4": 2.934299482149072e-05,
        "5": 3.3797055039030965e-06,
        "6": 7.423265913075738e-08,
        "7": 2.6855502128601074,
        "8": 17.612794876098633,
        "9": 97.34516143798828
      },
      "H1": {
        "2": 6.532500096412264e-10,
        "3": 4.722907720293434e-13,
        "4": 2.1227662097729472e-16,
        "5": 2.0462882850629163e-20,
        "6": 1.0927232233792249e-25,
        "7": 8.297237137806779e-13,
        "8": 2.7308053698880984e-16,
        "9": 2.5938800058051582e-15
      },
      "H2": {
        "2": 0.10723273456096649,
        "3": 0.07784862816333771,
        "4": 0.04180282726883888,
        "5": 0.018955154344439507,
        "6": 0.0031579206697642803,
        "7": 96.20278930664062,
        "8": 97.41095733642578,
        "9": 99.57714080810547
      },
      "H3": {
        "2": 99.72696685791016,
        "3": 97.74942779541016,
        "4": 97.98146057128906,
        "5": 98.518798828125,
        "6": 98.65040588378906,
        "7": 98.51704406738281,
        "8": 99.93765258789062,
        "9": 99.7565689086914
      }
    },
    "nonmax number": {
      "H0": {
        "2": 0.0,
        "3": 0.000683625868987292,
        "4": 0.0005757064209319651,
        "5": 0.00043588015250861645,
        "6": 0.000343460327712819,
        "7": 0.0002751429856289178,
        "8": 0.9885329008102417,
        "9": 0.24743527173995972
      },
      "H1": {
        "2": 0.0,
        "3": 3.160887107611643e-10,
        "4": 2.0152005064666412e-10,
        "5": 1.4657999813927347e-10,
        "6": 1.1489154766453069e-10,
        "7": 9.437650660970576e-11,
        "8": 8.040564047906429e-11,
        "9": 6.978632949294905e-11
      },
      "H2": {
        "2": 0.0,
        "3": 0.05187714844942093,
        "4": 0.07949808239936829,
        "5": 0.08223938941955566,
        "6": 0.07463229447603226,
        "7": 0.002503997413441539,
        "8": 2.4017467498779297,
        "9": 0.4211852550506592
      },
      "H3": {
        "2": 0.0,
        "3": 2.2399275302886963,
        "4": 2.018278121948242,
        "5": 1.4811949729919434,
        "6": 1.349600911140442,
        "7": 1.4829529523849487,
        "8": 0.06235292926430702,
        "9": 0.24342893064022064
      }
    },
    "ANS self": {
      "H0": {
        "2": 99.99858093261719,
        "3": 99.99907684326172,
        "4": 99.9993896484375,
        "5": 99.99955749511719,
        "6": 99.99964904785156,
        "7": 97.31417846679688,
        "8": 81.39867401123047,
        "9": 2.4074134826660156
      },
      "H1": {
        "2": 100.0,
        "3": 100.0,
        "4": 100.0,
        "5": 100.0,
        "6": 100.0,
        "7": 100.0,
        "8": 100.0,
        "9": 100.0
      },
      "H2": {
        "2": 99.89276885986328,
        "3": 99.87027740478516,
        "4": 99.87870025634766,
        "5": 99.89881134033203,
        "6": 99.9222183227539,
        "7": 3.794706106185913,
        "8": 0.18728652596473694,
        "9": 0.0016663139685988426
      },
      "H3": {
        "2": 0.27267006039619446,
        "3": 0.010628846473991871,
        "4": 0.00026778498431667686,
        "5": 5.163574769539991e-06,
        "6": 1.0300362873749691e-07,
        "7": 2.5909703271764783e-09,
        "8": 3.049098300234032e-12,
        "9": 1.5907509142397414e-14
      }
    },
    "BOS/SEP": {
      "H0": {
        "2": 7.895054610074226e-10,
        "3": 7.895092912768575e-10,
        "4": 7.895118447898142e-10,
        "5": 7.895131770574437e-10,
        "6": 7.895138987024097e-10,
        "7": 7.683115810230845e-10,
        "8": 6.42655983984497e-10,
        "9": 1.9006917567621073e-11
      },
      "H1": {
        "2": 2.751995896790871e-12,
        "3": 2.7519961136313054e-12,
        "4": 2.751995896790871e-12,
        "5": 2.7519961136313054e-12,
        "6": 2.751995896790871e-12,
        "7": 2.7519961136313054e-12,
        "8": 2.75199633047174e-12,
        "9": 2.7519956799504364e-12
      },
      "H2": {
        "2": 1.5447413659330778e-07,
        "3": 1.5443936263181968e-07,
        "4": 1.544523797747388e-07,
        "5": 1.5448347312485566e-07,
        "6": 1.5451965396096057e-07,
        "7": 5.868130870112509e-09,
        "8": 2.896198003643491e-10,
        "9": 2.576787741515041e-12
      },
      "H3": {
        "2": 0.0003647267003543675,
        "3": 1.4217273928807117e-05,
        "4": 3.5819212484966556e-07,
        "5": 6.9068524233273365e-09,
        "6": 1.3777877450049658e-10,
        "7": 3.4657097070650567e-12,
        "8": 4.078508957292134e-15,
        "9": 2.127809463793234e-17
      }
    }
  },
  "top_key_category_rate_by_true_max": {
    "H0": {
      "2": {
        "max number": 0.0,
        "nonmax number": 0.0,
        "ANS self": 1.0,
        "BOS/SEP": 0.0
      },
      "3": {
        "max number": 0.0,
        "nonmax number": 0.0,
        "ANS self": 1.0,
        "BOS/SEP": 0.0
      },
      "4": {
        "max number": 0.0,
        "nonmax number": 0.0,
        "ANS self": 1.0,
        "BOS/SEP": 0.0
      },
      "5": {
        "max number": 0.0,
        "nonmax number": 0.0,
        "ANS self": 1.0,
        "BOS/SEP": 0.0
      },
      "6": {
        "max number": 0.0,
        "nonmax number": 0.0,
        "ANS self": 1.0,
        "BOS/SEP": 0.0
      },
      "7": {
        "max number": 0.0,
        "nonmax number": 0.0,
        "ANS self": 1.0,
        "BOS/SEP": 0.0
      },
      "8": {
        "max number": 0.0,
        "nonmax number": 0.0,
        "ANS self": 1.0,
        "BOS/SEP": 0.0
      },
      "9": {
        "max number": 1.0,
        "nonmax number": 0.0,
        "ANS self": 0.0,
        "BOS/SEP": 0.0
      }
    },