{
  "description": "PCA basis is fit on actual 100000 head-sum vectors at [ANS] after W_O. Piecewise scheme vectors use H0/H1/H2/H3 source choices from the complete attention abstraction, with H3 actual soft value for true max 1. Both actual and scheme vectors are projected into the same actual PC1/PC2 basis.",
  "n_inputs": 100000,
  "head_sum_shape": [
    100000,
    64
  ],
  "pca_explained_variance": [
    0.6695766448974609,
    0.30558764934539795,
    0.02483554556965828,
    7.723061656861319e-08,
    5.2061242428180776e-08,
    1.4005538062633605e-08,
    1.1535306931875766e-08,
    6.226320348190484e-09,
    5.223542487442501e-09,
    2.5804620662484012e-09,
    1.4833886341492075e-09,
    1.0999877675388348e-09,
    9.485797702879495e-10,
    5.832079263967671e-10,
    4.669845066196388e-10,
    2.6039742584416103e-10,
    1.7905218974156867e-10,
    1.698064744370953e-10,
    9.184805693784881e-11,
    5.4548497663287066e-11,
    2.342892373163874e-11,
    1.8865865467065923e-11,
    3.6798259751835705e-12,
    1.495476594122469e-12,
    7.130666499974292e-13,
    5.633536172278131e-13,
    6.485772612334004e-14,
    7.784555504819924e-15,
    2.861965298336434e-15,
    2.1532352554351052e-15,
    2.1532352554351052e-15,
    2.1532352554351052e-15,
    2.1532352554351052e-15,
    2.1532352554351052e-15,
    2.1532352554351052e-15,
    2.1532352554351052e-15,
    2.1532352554351052e-15,
    2.1532352554351052e-15,
    2.1532352554351052e-15,
    2.1532352554351052e-15,
    2.1532352554351052e-15,
    2.1532352554351052e-15,
    2.1532352554351052e-15,
    2.1532352554351052e-15,
    2.1532352554351052e-15,
    2.1532352554351052e-15,
    2.1532352554351052e-15,
    2.1532352554351052e-15,
    2.1532352554351052e-15,
    2.1532352554351052e-15,
    2.1532352554351052e-15,
    2.1532352554351052e-15,
    2.1532352554351052e-15,
    2.1532352554351052e-15,
    2.1532352554351052e-15,
    2.1532352554351052e-15,
    2.1532352554351052e-15,
    2.1532352554351052e-15,
    2.1532352554351052e-15,
    2.1532352554351052e-15,
    2.1532352554351052e-15,
    2.1532352554351052e-15,
    2.1532352554351052e-15,
    5.480262405274737e-16
  ],
  "pca_cumulative_explained_variance": [
    0.6695766448974609,
    0.9751642942428589,
    0.9999998211860657,
    0.9999999403953552,
    0.9999999403953552,
    1.0,
    1.0,
    1.0,
    1.0,
    1.0,
    1.0,
    1.0,
    1.0,
    1.0,
    1.0,
    1.0,
    1.0,
    1.0,
    1.0,
    1.0,
    1.0,
    1.0,
    1.0,
    1.0,
    1.0,
    1.0,
    1.0,
    1.0,
    1.0,
    1.0,
    1.0,
    1.0,
    1.0,
    1.0,
    1.0,
    1.0,
    1.0,
    1.0,
    1.0,
    1.0,
    1.0,
    1.0,
    1.0,
    1.0,
    1.0,
    1.0,
    1.0,
    1.0,
    1.0,
    1.0,
    1.0,
    1.0,
    1.0,
    1.0,
    1.0,
    1.0,
    1.0,
    1.0,
    1.0,
    1.0,
    1.0,
    1.0,
    1.0,
    1.0
  ],
  "accuracy": {
    "actual_head_sum_only": 1.0,
    "scheme_head_sum_only": 1.0,
    "actual_head_sum_top2_pc_reconstruction": 1.0,
    "scheme_head_sum_top2_pc_reconstruction": 1.0
  },
  "prediction_distribution": {
    "scheme_head_sum_only": {
      "0": 1,
      "1": 31,
      "2": 211,
      "3": 781,
      "4": 2101,
      "5": 4651,
      "6": 9031,
      "7": 15961,
      "8": 26281,
      "9": 40951
    },
    "scheme_head_sum_top2_pc_reconstruction": {
      "0": 1,
      "1": 31,
      "2": 211,
      "3": 781,
      "4": 2101,
      "5": 4651,
      "6": 9031,
      "7": 15961,
      "8": 26281,
      "9": 40951
    }
  },
  "centers_by_true_max": {
    "0": {
      "count": 1,
      "actual_pc1_mean": -249.47134399414062,
      "actual_pc2_mean": 443.6055603027344,
      "actual_pc1_std": 0.0,
      "actual_pc2_std": 0.0,
      "scheme_pc1_mean": -249.59474182128906,
      "scheme_pc2_mean": 444.12591552734375,
      "scheme_pc1_std": 0.0,
      "scheme_pc2_std": 0.0,
      "scheme_minus_actual_pc1": -0.1233978271484375,
      "scheme_minus_actual_pc2": 0.520355224609375,
      "scheme_actual_distance_2d": 0.5347864627838135
    },
    "1": {
      "count": 31,
      "actual_pc1_mean": -218.12973022460938,
      "actual_pc2_mean": 311.5983581542969,
      "actual_pc1_std": 5.9533233642578125,
      "actual_pc2_std": 25.073650360107422,
      "scheme_pc1_mean": -218.13104248046875,
      "scheme_pc2_mean": 311.5987854003906,
      "scheme_pc1_std": 5.95280647277832,
      "scheme_pc2_std": 25.07350730895996,
      "scheme_minus_actual_pc1": -0.001312255859375,
      "scheme_minus_actual_pc2": 0.00042724609375,
      "scheme_actual_distance_2d": 0.001380056026391685
    },
    "2": {
      "count": 211,
      "actual_pc1_mean": -193.42910766601562,
      "actual_pc2_mean": 207.71481323242188,
      "actual_pc1_std": 0.24404285848140717,
      "actual_pc2_std": 0.9747641086578369,
      "scheme_pc1_mean": -192.9461212158203,
      "scheme_pc2_mean": 205.55955505371094,
      "scheme_pc1_std": 0.012954006902873516,
      "scheme_pc2_std": 0.05051621049642563,
      "scheme_minus_actual_pc1": 0.4829864501953125,
      "scheme_minus_actual_pc2": -2.1552581787109375,
      "scheme_actual_distance_2d": 2.2087130546569824
    },
    "3": {
      "count": 781,
      "actual_pc1_mean": -177.22471618652344,
      "actual_pc2_mean": 139.7450408935547,
      "actual_pc1_std": 0.2235477864742279,
      "actual_pc2_std": 0.9401755332946777,
      "scheme_pc1_mean": -177.04327392578125,
      "scheme_pc2_mean": 138.72857666015625,
      "scheme_pc1_std": 0.013429979793727398,
      "scheme_pc2_std": 0.052020713686943054,
      "scheme_minus_actual_pc1": 0.1814422607421875,
      "scheme_minus_actual_pc2": -1.0164642333984375,
      "scheme_actual_distance_2d": 1.0325312614440918
    },
    "4": {
      "count": 2101,
      "actual_pc1_mean": -160.2083282470703,
      "actual_pc2_mean": 68.23065185546875,
      "actual_pc1_std": 0.2245783656835556,
      "actual_pc2_std": 0.9885161519050598,
      "scheme_pc1_mean": -160.05255126953125,
      "scheme_pc2_mean": 67.27497863769531,
      "scheme_pc1_std": 0.013714184984564781,
      "scheme_pc2_std": 0.05289393663406372,
      "scheme_minus_actual_pc1": 0.1557769775390625,
      "scheme_minus_actual_pc2": -0.9556732177734375,
      "scheme_actual_distance_2d": 0.9682859778404236
    },
    "5": {
      "count": 4651,
      "actual_pc1_mean": -139.15695190429688,
      "actual_pc2_mean": -20.298114776611328,
      "actual_pc1_std": 0.23881974816322327,
      "actual_pc2_std": 1.0371977090835571,
      "scheme_pc1_mean": -139.00765991210938,
      "scheme_pc2_mean": -21.212926864624023,
      "scheme_pc1_std": 0.013887898996472359,
      "scheme_pc2_std": 0.05345039814710617,
      "scheme_minus_actual_pc1": 0.1492919921875,
      "scheme_minus_actual_pc2": -0.9148120880126953,
      "scheme_actual_distance_2d": 0.926913857460022
    },
    "6": {
      "count": 9031,
      "actual_pc1_mean": -112.54683685302734,
      "actual_pc2_mean": -132.3798370361328,
      "actual_pc1_std": 0.32181984186172485,
      "actual_pc2_std": 1.3655264377593994,
      "scheme_pc1_mean": -112.33536529541016,
      "scheme_pc2_mean": -133.49679565429688,
      "scheme_pc1_std": 0.014003927819430828,
      "scheme_pc2_std": 0.053832028061151505,
      "scheme_minus_actual_pc1": 0.2114715576171875,
      "scheme_minus_actual_pc2": -1.1169586181640625,
      "scheme_actual_distance_2d": 1.1368011236190796
    },
    "7": {
      "count": 15961,
      "actual_pc1_mean": -70.26884460449219,
      "actual_pc2_mean": 79.73646545410156,
      "actual_pc1_std": 1.9672702550888062,
      "actual_pc2_std": 3.603773593902588,
      "scheme_pc1_mean": -69.30408477783203,
      "scheme_pc2_mean": 81.39579010009766,
      "scheme_pc1_std": 0.12472335994243622,
      "scheme_pc2_std": 0.04907071590423584,
      "scheme_minus_actual_pc1": 0.9647598266601562,
      "scheme_minus_actual_pc2": 1.6593246459960938,
      "scheme_actual_distance_2d": 1.9194060564041138
    },
    "8": {
      "count": 26281,