{
  "nums": [
    6,
    8,
    4,
    7,
    5
  ],
  "tokens": [
    10,
    6,
    11,
    8,
    11,
    4,
    11,
    7,
    11,
    5,
    12
  ],
  "max_value": 8,
  "max_token_position": 3,
  "prediction": 8,
  "h3_actual_attention_to_max_position": 0.9988590478897095,
  "h3_actual_value_norm": 18.744592666625977,
  "h3_onehot_value_norm": 18.754886627197266,
  "h3_actual_vs_onehot_value_cosine": 0.9999998807907104,
  "h3_actual_ov_logits": [
    -181.41062927246094,
    -140.07797241210938,
    -90.26631164550781,
    -31.289058685302734,
    28.252649307250977,
    79.40823364257812,
    121.991943359375,
    73.42008972167969,
    112.63333892822266,
    109.61830139160156
  ],
  "h3_onehot_ov_logits": [
    -181.51019287109375,
    -140.15484619140625,
    -90.31587219238281,
    -31.306243896484375,
    28.268152236938477,
    79.45182800292969,
    122.05894470214844,
    73.46043395996094,
    112.69522094726562,
    109.67854309082031
  ],
  "final_logit_sets": {
    "actual all heads": [
      -206.82546997070312,
      -142.99237060546875,
      -78.81293487548828,
      -8.795032501220703,
      52.49650955200195,
      103.79586791992188,
      123.44803619384766,
      124.33729553222656,
      141.6815643310547,
      113.19013214111328
    ],
    "replace H3 with one-hot max": [
      -206.92503356933594,
      -143.06924438476562,
      -78.86250305175781,
      -8.812217712402344,
      52.51201248168945,
      103.83946990966797,
      123.51502990722656,
      124.37762451171875,
      141.7434539794922,
      113.25037384033203
    ],
    "resid + only H3 one-hot": [
      -183.66104125976562,
      -141.1410675048828,
      -90.45367431640625,
      -30.59412384033203,
      29.522266387939453,
      81.09945678710938,
      123.44973754882812,
      75.77064514160156,
      114.54640197753906,
      110.66212463378906
    ],
    "resid only": [
      -2.1508476734161377,
      -0.9862157106399536,
      -0.13780593872070312,
      0.7121184468269348,
      1.2541160583496094,
      1.6476227045059204,
      1.3907966613769531,
      2.3102214336395264,
      1.8511850833892822,
      0.9835813045501709
    ]
  },
  "ans_attention_rows": {
    "H0": [
      2.7937942757849665e-12,
      4.270599984756984e-10,
      1.4317206274705452e-12,
      0.14042896032333374,
      1.2027562105998424e-12,
      1.3104478568948252e-07,
      8.357255317469059e-13,
      0.016448182985186577,
      3.9259646423574213e-13,
      1.7297869803201138e-08,
      0.8431227207183838
    ],
    "H1": [
      2.751878586115808e-14,
      7.822826989029628e-28,
      5.202946407418996e-19,
      2.327462077778218e-18,
      4.211915791179933e-19,
      1.0635754933333056e-18,
      1.8873030404192306e-19,
      5.455357201405737e-15,
      4.1150665123818983e-20,
      1.1542381786720796e-22,
      1.0
    ],
    "H2": [
      2.890499525929485e-13,
      4.60514471001261e-08,
      1.024048142291012e-12,
      0.9523632526397705,
      9.624446422121236e-13,
      4.7134915348578943e-07,
      6.90464992039036e-13,
      0.04546283930540085,
      3.943902767301194e-13,
      2.546421740134974e-07,
      0.0021730472799390554
    ],
    "H3": [
      5.100356075117188e-21,
      2.7247244361205958e-05,
      1.243160560901146e-17,
      0.9988590478897095,
      1.2248867349628082e-17,
      8.381798366485782e-09,
      1.2054825667174168e-17,
      0.0011132641229778528,
      1.1183009561587166e-17,
      5.026607823310769e-07,
      3.582762003197758e-14
    ]
  }
}
